user_id,item_id,clicked
0,0,1
0,1,1
0,2,0
0,3,1
0,4,0
0,5,1
0,6,1
0,7,0
0,8,1
0,9,1
0,10,1
0,11,1
0,12,0
0,13,0
0,14,1
0,15,0
0,16,0
0,17,1
0,18,0
0,19,1
0,20,0
0,21,0
0,22,1
0,23,1
0,24,1
0,25,0
0,26,0
0,27,1
0,28,1
0,29,0
0,30,1
0,31,0
0,32,1
0,33,1
0,34,0
0,35,0
0,36,1
0,37,0
0,38,0
0,39,0
0,40,0
0,41,1
0,42,1
0,43,0
0,44,1
0,45,0
0,46,1
0,47,1
0,48,1
0,49,1
1,0,0
1,1,0
1,2,0
1,3,0
1,4,0
1,5,0
1,6,0
1,7,1
1,8,0
1,9,0
1,10,0
1,11,1
1,12,1
1,13,0
1,14,0
1,15,1
1,16,1
1,17,0
1,18,1
1,19,1
1,20,1
1,21,1
1,22,0
1,23,0
1,24,0
1,25,1
1,26,1
1,27,0
1,28,1
1,29,0
1,30,0
1,31,0
1,32,0
1,33,0
1,34,1
1,35,1
1,36,0
1,37,0
1,38,1
1,39,1
1,40,0
1,41,0
1,42,0
1,43,0
1,44,0
1,45,0
1,46,0
1,47,0
1,48,0
1,49,0
2,0,0
2,1,0
2,2,0
2,3,1
2,4,0
2,5,0
2,6,1
2,7,1
2,8,0
2,9,0
2,10,1
2,11,0
2,12,1
2,13,1
2,14,0
2,15,1
2,16,1
2,17,0
2,18,0
2,19,0
2,20,1
2,21,1
2,22,1
2,23,0
2,24,0
2,25,0
2,26,1
2,27,1
2,28,0
2,29,0
2,30,0
2,31,0
2,32,0
2,33,0
2,34,1
2,35,0
2,36,0
2,37,1
2,38,1
2,39,1
2,40,1
2,41,0
2,42,1
2,43,1
2,44,0
2,45,1
2,46,0
2,47,0
2,48,0
2,49,1
3,0,0
3,1,1
3,2,0
3,3,0
3,4,1
3,5,0
3,6,0
3,7,1
3,8,0
3,9,0
3,10,0
3,11,0
3,12,0
3,13,1
3,14,0
3,15,1
3,16,1
3,17,0
3,18,1
3,19,0
3,20,1
3,21,1
3,22,0
3,23,0
3,24,1
3,25,0
3,26,1
3,27,1
3,28,0
3,29,0
3,30,0
3,31,0
3,32,0
3,33,0
3,34,0
3,35,0
3,36,1
3,37,1
3,38,0
3,39,1
3,40,0
3,41,0
3,42,0
3,43,1
3,44,0
3,45,0
3,46,1
3,47,0
3,48,0
3,49,0
4,0,1
4,1,0
4,2,1
4,3,1
4,4,0
4,5,1
4,6,1
4,7,0
4,8,1
4,9,1
4,10,1
4,11,1
4,12,0
4,13,0
4,14,1
4,15,0
4,16,0
4,17,1
4,18,0
4,19,1
4,20,0
4,21,0
4,22,1
4,23,1
4,24,1
4,25,0
4,26,0
4,27,0
4,28,1
4,29,1
4,30,1
4,31,1
4,32,1
4,33,1
4,34,0
4,35,1
4,36,1
4,37,0
4,38,1
4,39,0
4,40,1
4,41,1
4,42,0
4,43,1
4,44,1
4,45,1
4,46,1
4,47,1
4,48,1
4,49,1
5,0,1
5,1,0
5,2,0
5,3,1
5,4,0
5,5,1
5,6,0
5,7,0
5,8,1
5,9,1
5,10,1
5,11,1
5,12,0
5,13,1
5,14,1
5,15,0
5,16,0
5,17,1
5,18,0
5,19,1
5,20,1
5,21,1
5,22,0
5,23,1
5,24,1
5,25,1
5,26,0
5,27,1
5,28,1
5,29,0
5,30,1
5,31,1
5,32,1
5,33,1
5,34,0
5,35,1
5,36,1
5,37,0
5,38,1
5,39,0
5,40,0
5,41,1
5,42,1
5,43,0
5,44,1
5,45,1
5,46,1
5,47,1
5,48,1
5,49,1
6,0,1
6,1,1
6,2,1
6,3,1
6,4,0
6,5,1
6,6,1
6,7,0
6,8,0
6,9,0
6,10,0
6,11,1
6,12,1
6,13,0
6,14,1
6,15,0
6,16,0
6,17,1
6,18,0
6,19,1
6,20,0
6,21,1
6,22,1
6,23,1
6,24,1
6,25,1
6,26,0
6,27,0
6,28,1
6,29,1
6,30,1
6,31,1
6,32,1
6,33,1
6,34,0
6,35,0
6,36,1
6,37,0
6,38,1
6,39,0
6,40,1
6,41,1
6,42,1
6,43,1
6,44,1
6,45,1
6,46,1
6,47,0
6,48,1
6,49,1
7,0,0
7,1,1
7,2,0
7,3,0
7,4,1
7,5,0
7,6,0
7,7,1
7,8,1
7,9,0
7,10,1
7,11,0
7,12,1
7,13,1
7,14,0
7,15,0
7,16,0
7,17,0
7,18,1
7,19,0
7,20,1
7,21,1
7,22,0
7,23,0
7,24,0
7,25,1
7,26,1
7,27,1
7,28,0
7,29,1
7,30,0
7,31,1
7,32,0
7,33,0
7,34,1
7,35,1
7,36,1
7,37,0
7,38,0
7,39,1
7,40,1
7,41,0
7,42,0
7,43,0
7,44,0
7,45,1
7,46,0
7,47,1
7,48,0
7,49,1
8,0,0
8,1,0
8,2,0
8,3,0
8,4,1
8,5,0
8,6,0
8,7,0
8,8,1
8,9,0
8,10,0
8,11,0
8,12,1
8,13,1
8,14,0
8,15,1
8,16,1
8,17,0
8,18,1
8,19,0
8,20,0
8,21,1
8,22,0
8,23,0
8,24,0
8,25,1
8,26,1
8,27,0
8,28,0
8,29,0
8,30,1
8,31,1
8,32,0
8,33,0
8,34,1
8,35,1
8,36,0
8,37,1
8,38,0
8,39,1
8,40,1
8,41,0
8,42,1
8,43,0
8,44,0
8,45,0
8,46,0
8,47,0
8,48,0
8,49,0
9,0,0
9,1,0
9,2,0
9,3,0
9,4,1
9,5,0
9,6,0
9,7,0
9,8,0
9,9,0
9,10,0
9,11,0
9,12,1
9,13,1
9,14,0
9,15,1
9,16,0
9,17,0
9,18,1
9,19,1
9,20,1
9,21,0
9,22,0
9,23,0
9,24,1
9,25,0
9,26,1
9,27,1
9,28,0
9,29,1
9,30,0
9,31,0
9,32,1
9,33,1
9,34,1
9,35,1
9,36,0
9,37,0
9,38,1
9,39,1
9,40,1
9,41,0
9,42,0
9,43,0
9,44,0
9,45,1
9,46,1
9,47,0
9,48,0
9,49,0
10,0,0
10,1,1
10,2,1
10,3,1
10,4,1
10,5,1
10,6,1
10,7,0
10,8,0
10,9,1
10,10,1
10,11,1
10,12,0
10,13,0
10,14,1
10,15,0
10,16,0
10,17,0
10,18,1
10,19,0
10,20,0
10,21,1
10,22,0
10,23,1
10,24,0
10,25,1
10,26,0
10,27,0
10,28,1
10,29,1
10,30,1
10,31,1
10,32,0
10,33,1
10,34,1
10,35,1
10,36,1
10,37,0
10,38,1
10,39,0
10,40,0
10,41,1
10,42,1
10,43,1
10,44,0
10,45,1
10,46,1
10,47,1
10,48,0
10,49,1
11,0,0
11,1,0
11,2,0
11,3,0
11,4,0
11,5,1
11,6,0
11,7,1
11,8,0
11,9,0
11,10,1
11,11,0
11,12,1
11,13,0
11,14,0
11,15,1
11,16,1
11,17,1
11,18,1
11,19,1
11,20,1
11,21,1
11,22,0
11,23,1
11,24,1
11,25,0
11,26,1
11,27,1
11,28,0
11,29,0
11,30,0
11,31,0
11,32,0
11,33,0
11,34,1
11,35,0
11,36,0
11,37,1
11,38,1
11,39,1
11,40,0
11,41,0
11,42,0
11,43,0
11,44,0
11,45,0
11,46,0
11,47,0
11,48,0
11,49,0
12,0,0
12,1,0
12,2,1
12,3,0
12,4,0
12,5,0
12,6,0
12,7,1
12,8,0
12,9,1
12,10,0
12,11,0
12,12,0
12,13,1
12,14,0
12,15,1
12,16,1
12,17,1
12,18,1
12,19,0
12,20,1
12,21,1
12,22,0
12,23,0
12,24,1
12,25,0
12,26,1
12,27,1
12,28,0
12,29,1
12,30,0
12,31,0
12,32,0
12,33,1
12,34,1
12,35,0
12,36,0
12,37,0
12,38,0
12,39,1
12,40,1
12,41,0
12,42,0
12,43,0
12,44,0
12,45,0
12,46,1
12,47,0
12,48,0
12,49,1
13,0,1
13,1,1
13,2,1
13,3,1
13,4,0
13,5,1
13,6,1
13,7,0
13,8,1
13,9,1
13,10,1
13,11,0
13,12,0
13,13,1
13,14,1
13,15,1
13,16,1
13,17,1
13,18,0
13,19,1
13,20,0
13,21,0
13,22,1
13,23,1
13,24,1
13,25,1
13,26,0
13,27,1
13,28,1
13,29,1
13,30,0
13,31,1
13,32,0
13,33,1
13,34,0
13,35,1
13,36,1
13,37,0
13,38,1
13,39,0
13,40,0
13,41,1
13,42,1
13,43,1
13,44,0
13,45,1
13,46,1
13,47,1
13,48,1
13,49,1
14,0,1
14,1,0
14,2,0
14,3,1
14,4,0
14,5,0
14,6,1
14,7,1
14,8,1
14,9,1
14,10,1
14,11,1
14,12,1
14,13,0
14,14,1
14,15,0
14,16,0
14,17,1
14,18,0
14,19,1
14,20,0
14,21,0
14,22,1
14,23,0
14,24,1
14,25,1
14,26,0
14,27,0
14,28,1
14,29,1
14,30,1
14,31,1
14,32,1
14,33,0
14,34,0
14,35,1
14,36,1
14,37,0
14,38,0
14,39,0
14,40,0
14,41,1
14,42,1
14,43,1
14,44,1
14,45,1
14,46,0
14,47,1
14,48,0
14,49,1
15,0,1
15,1,1
15,2,1
15,3,1
15,4,1
15,5,1
15,6,1
15,7,0
15,8,1
15,9,1
15,10,1
15,11,0
15,12,0
15,13,0
15,14,1
15,15,1
15,16,0
15,17,1
15,18,1
15,19,1
15,20,1
15,21,0
15,22,1
15,23,1
15,24,1
15,25,0
15,26,0
15,27,0
15,28,1
15,29,0
15,30,1
15,31,1
15,32,1
15,33,0
15,34,0
15,35,0
15,36,0
15,37,1
15,38,1
15,39,0
15,40,0
15,41,1
15,42,1
15,43,1
15,44,0
15,45,1
15,46,1
15,47,1
15,48,1
15,49,1
16,0,1
16,1,1
16,2,0
16,3,1
16,4,1
16,5,1
16,6,1
16,7,0
16,8,0
16,9,1
16,10,1
16,11,0
16,12,0
16,13,0
16,14,1
16,15,0
16,16,0
16,17,1
16,18,0
16,19,0
16,20,0
16,21,1
16,22,1
16,23,0
16,24,1
16,25,0
16,26,1
16,27,0
16,28,1
16,29,1
16,30,1
16,31,1
16,32,0
16,33,1
16,34,1
16,35,1
16,36,1
16,37,0
16,38,1
16,39,0
16,40,1
16,41,1
16,42,1
16,43,1
16,44,1
16,45,0
16,46,1
16,47,0
16,48,1
16,49,1
17,0,0
17,1,1
17,2,0
17,3,0
17,4,1
17,5,0
17,6,0
17,7,1
17,8,0
17,9,0
17,10,0
17,11,0
17,12,0
17,13,1
17,14,0
17,15,1
17,16,1
17,17,0
17,18,1
17,19,0
17,20,1
17,21,0
17,22,0
17,23,1
17,24,1
17,25,0
17,26,1
17,27,1
17,28,0
17,29,1
17,30,0
17,31,0
17,32,0
17,33,0
17,34,0
17,35,1
17,36,0
17,37,1
17,38,0
17,39,0
17,40,1
17,41,1
17,42,0
17,43,1
17,44,0
17,45,0
17,46,0
17,47,0
17,48,0
17,49,0
18,0,1
18,1,0
18,2,1
18,3,1
18,4,0
18,5,1
18,6,1
18,7,0
18,8,0
18,9,1
18,10,1
18,11,1
18,12,0
18,13,0
18,14,1
18,15,0
18,16,0
18,17,1
18,18,1
18,19,1
18,20,0
18,21,0
18,22,1
18,23,1
18,24,1
18,25,1
18,26,0
18,27,0
18,28,1
18,29,1
18,30,1
18,31,0
18,32,1
18,33,1
18,34,1
18,35,1
18,36,1
18,37,0
18,38,1
18,39,1
18,40,0
18,41,1
18,42,1
18,43,1
18,44,1
18,45,0
18,46,1
18,47,0
18,48,1
18,49,0
19,0,1
19,1,1
19,2,1
19,3,1
19,4,1
19,5,1
19,6,1
19,7,1
19,8,1
19,9,0
19,10,0
19,11,1
19,12,0
19,13,0
19,14,1
19,15,0
19,16,0
19,17,0
19,18,0
19,19,0
19,20,1
19,21,1
19,22,1
19,23,0
19,24,1
19,25,1
19,26,0
19,27,0
19,28,1
19,29,1
19,30,1
19,31,1
19,32,1
19,33,1
19,34,1
19,35,1
19,36,1
19,37,0
19,38,1
19,39,0
19,40,0
19,41,1
19,42,1
19,43,0
19,44,0
19,45,1
19,46,1
19,47,1
19,48,1
19,49,1
20,0,0
20,1,0
20,2,1
20,3,1
20,4,1
20,5,1
20,6,0
20,7,1
20,8,1
20,9,0
20,10,1
20,11,0
20,12,1
20,13,1
20,14,0
20,15,1
20,16,1
20,17,0
20,18,1
20,19,0
20,20,1
20,21,1
20,22,1
20,23,0
20,24,0
20,25,0
20,26,1
20,27,1
20,28,1
20,29,0
20,30,0
20,31,0
20,32,1
20,33,0
20,34,1
20,35,0
20,36,0
20,37,1
20,38,0
20,39,1
20,40,0
20,41,0
20,42,0
20,43,0
20,44,0
20,45,1
20,46,1
20,47,0
20,48,1
20,49,0
21,0,1
21,1,1
21,2,0
21,3,1
21,4,1
21,5,0
21,6,1
21,7,0
21,8,1
21,9,1
21,10,1
21,11,1
21,12,0
21,13,0
21,14,1
21,15,0
21,16,0
21,17,1
21,18,0
21,19,1
21,20,0
21,21,0
21,22,1
21,23,1
21,24,1
21,25,1
21,26,1
21,27,0
21,28,1
21,29,1
21,30,1
21,31,0
21,32,1
21,33,1
21,34,0
21,35,0
21,36,1
21,37,0
21,38,1
21,39,0
21,40,0
21,41,1
21,42,1
21,43,1
21,44,1
21,45,1
21,46,1
21,47,0
21,48,1
21,49,1
22,0,1
22,1,1
22,2,1
22,3,1
22,4,0
22,5,1
22,6,1
22,7,0
22,8,0
22,9,1
22,10,1
22,11,1
22,12,0
22,13,0
22,14,0
22,15,0
22,16,0
22,17,1
22,18,0
22,19,1
22,20,0
22,21,0
22,22,1
22,23,1
22,24,1
22,25,0
22,26,0
22,27,1
22,28,0
22,29,1
22,30,1
22,31,1
22,32,1
22,33,0
22,34,0
22,35,1
22,36,0
22,37,0
22,38,0
22,39,0
22,40,1
22,41,1
22,42,0
22,43,1
22,44,1
22,45,0
22,46,1
22,47,1
22,48,1
22,49,1
23,0,0
23,1,1
23,2,1
23,3,1
23,4,0
23,5,1
23,6,1
23,7,0
23,8,1
23,9,1
23,10,1
23,11,1
23,12,0
23,13,1
23,14,1
23,15,0
23,16,0
23,17,1
23,18,0
23,19,1
23,20,0
23,21,0
23,22,1
23,23,1
23,24,1
23,25,1
23,26,0
23,27,0
23,28,1
23,29,1
23,30,1
23,31,1
23,32,1
23,33,1
23,34,1
23,35,1
23,36,1
23,37,1
23,38,1
23,39,0
23,40,0
23,41,1
23,42,1
23,43,1
23,44,1
23,45,1
23,46,1
23,47,0
23,48,1
23,49,0
24,0,1
24,1,1
24,2,1
24,3,1
24,4,0
24,5,0
24,6,1
24,7,0
24,8,0
24,9,1
24,10,1
24,11,1
24,12,1
24,13,0
24,14,1
24,15,0
24,16,0
24,17,1
24,18,0
24,19,0
24,20,0
24,21,0
24,22,1
24,23,0
24,24,1
24,25,1
24,26,0
24,27,0
24,28,0
24,29,0
24,30,1
24,31,1
24,32,1
24,33,1
24,34,0
24,35,1
24,36,1
24,37,0
24,38,1
24,39,0
24,40,1
24,41,1
24,42,0
24,43,1
24,44,0
24,45,1
24,46,1
24,47,1
24,48,1
24,49,1
25,0,0
25,1,0
25,2,0
25,3,0
25,4,1
25,5,0
25,6,1
25,7,1
25,8,0
25,9,0
25,10,1
25,11,0
25,12,0
25,13,1
25,14,1
25,15,1
25,16,1
25,17,0
25,18,1
25,19,0
25,20,0
25,21,1
25,22,0
25,23,0
25,24,0
25,25,1
25,26,0
25,27,1
25,28,0
25,29,0
25,30,0
25,31,0
25,32,0
25,33,0
25,34,0
25,35,0
25,36,0
25,37,1
25,38,0
25,39,1
25,40,1
25,41,1
25,42,0
25,43,1
25,44,0
25,45,0
25,46,0
25,47,0
25,48,1
25,49,0
26,0,0
26,1,0
26,2,1
26,3,1
26,4,0
26,5,1
26,6,1
26,7,0
26,8,1
26,9,1
26,10,1
26,11,1
26,12,0
26,13,0
26,14,1
26,15,0
26,16,0
26,17,1
26,18,0
26,19,1
26,20,0
26,21,0
26,22,1
26,23,0
26,24,1
26,25,0
26,26,0
26,27,1
26,28,1
26,29,1
26,30,1
26,31,1
26,32,1
26,33,1
26,34,0
26,35,1
26,36,0
26,37,0
26,38,1
26,39,0
26,40,0
26,41,1
26,42,1
26,43,1
26,44,0
26,45,1
26,46,1
26,47,1
26,48,1
26,49,1
27,0,1
27,1,1
27,2,0
27,3,1
27,4,1
27,5,0
27,6,0
27,7,0
27,8,0
27,9,0
27,10,1
27,11,0
27,12,1
27,13,0
27,14,0
27,15,1
27,16,1
27,17,0
27,18,0
27,19,1
27,20,1
27,21,1
27,22,0
27,23,0
27,24,1
27,25,0
27,26,1
27,27,0
27,28,0
27,29,0
27,30,0
27,31,0
27,32,0
27,33,1
27,34,1
27,35,0
27,36,0
27,37,0
27,38,0
27,39,1
27,40,1
27,41,0
27,42,0
27,43,0
27,44,0
27,45,1
27,46,0
27,47,0
27,48,0
27,49,0
28,0,1
28,1,0
28,2,0
28,3,1
28,4,0
28,5,0
28,6,0
28,7,1
28,8,0
28,9,0
28,10,0
28,11,0
28,12,1
28,13,1
28,14,1
28,15,1
28,16,1
28,17,0
28,18,1
28,19,0
28,20,1
28,21,1
28,22,1
28,23,0
28,24,1
28,25,0
28,26,0
28,27,1
28,28,0
28,29,0
28,30,0
28,31,0
28,32,0
28,33,1
28,34,1
28,35,0
28,36,0
28,37,1
28,38,0
28,39,1
28,40,1
28,41,1
28,42,0
28,43,0
28,44,0
28,45,0
28,46,0
28,47,0
28,48,0
28,49,0
29,0,1
29,1,1
29,2,1
29,3,0
29,4,0
29,5,1
29,6,1
29,7,0
29,8,0
29,9,1
29,10,1
29,11,1
29,12,0
29,13,1
29,14,1
29,15,0
29,16,1
29,17,1
29,18,0
29,19,1
29,20,1
29,21,0
29,22,1
29,23,1
29,24,0
29,25,1
29,26,0
29,27,0
29,28,1
29,29,1
29,30,1
29,31,1
29,32,1
29,33,1
29,34,0
29,35,1
29,36,0
29,37,0
29,38,1
29,39,0
29,40,0
29,41,1
29,42,1
29,43,0
29,44,1
29,45,1
29,46,0
29,47,1
29,48,1
29,49,1
30,0,0
30,1,0
30,2,0
30,3,0
30,4,1
30,5,0
30,6,0
30,7,1
30,8,1
30,9,0
30,10,0
30,11,0
30,12,1
30,13,1
30,14,0
30,15,1
30,16,1
30,17,0
30,18,1
30,19,1
30,20,1
30,21,1
30,22,1
30,23,1
30,24,1
30,25,0
30,26,0
30,27,1
30,28,0
30,29,0
30,30,0
30,31,1
30,32,0
30,33,1
30,34,0
30,35,1
30,36,0
30,37,1
30,38,0
30,39,1
30,40,0
30,41,0
30,42,0
30,43,0
30,44,0
30,45,0
30,46,0
30,47,0
30,48,0
30,49,0
31,0,1
31,1,1
31,2,1
31,3,1
31,4,0
31,5,0
31,6,0
31,7,0
31,8,1
31,9,0
31,10,1
31,11,1
31,12,0
31,13,0
31,14,0
31,15,0
31,16,0
31,17,1
31,18,1
31,19,1
31,20,0
31,21,0
31,22,0
31,23,1
31,24,1
31,25,1
31,26,0
31,27,1
31,28,0
31,29,1
31,30,1
31,31,1
31,32,0
31,33,1
31,34,0
31,35,1
31,36,0
31,37,1
31,38,1
31,39,0
31,40,1
31,41,1
31,42,1
31,43,0
31,44,1
31,45,0
31,46,0
31,47,1
31,48,0
31,49,1
32,0,1
32,1,1
32,2,1
32,3,1
32,4,1
32,5,1
32,6,1
32,7,0
32,8,0
32,9,1
32,10,1
32,11,1
32,12,0
32,13,0
32,14,0
32,15,0
32,16,0
32,17,1
32,18,0
32,19,1
32,20,1
32,21,0
32,22,1
32,23,1
32,24,1
32,25,1
32,26,0
32,27,0
32,28,0
32,29,1
32,30,1
32,31,1
32,32,1
32,33,1
32,34,0
32,35,1
32,36,0
32,37,0
32,38,0
32,39,0
32,40,0
32,41,1
32,42,1
32,43,1
32,44,1
32,45,1
32,46,0
32,47,1
32,48,1
32,49,1
33,0,1
33,1,1
33,2,0
33,3,0
33,4,1
33,5,0
33,6,0
33,7,1
33,8,0
33,9,0
33,10,0
33,11,1
33,12,1
33,13,0
33,14,0
33,15,1
33,16,1
33,17,0
33,18,0
33,19,0
33,20,1
33,21,1
33,22,0
33,23,0
33,24,1
33,25,0
33,26,1
33,27,1
33,28,0
33,29,0
33,30,0
33,31,1
33,32,0
33,33,0
33,34,1
33,35,1
33,36,0
33,37,1
33,38,1
33,39,0
33,40,0
33,41,1
33,42,1
33,43,1
33,44,0
33,45,0
33,46,0
33,47,0
33,48,0
33,49,1
34,0,0
34,1,0
34,2,0
34,3,0
34,4,1
34,5,0
34,6,0
34,7,1
34,8,0
34,9,0
34,10,1
34,11,0
34,12,0
34,13,1
34,14,0
34,15,1
34,16,1
34,17,0
34,18,1
34,19,0
34,20,1
34,21,1
34,22,0
34,23,0
34,24,0
34,25,0
34,26,1
34,27,1
34,28,0
34,29,0
34,30,0
34,31,1
34,32,0
34,33,0
34,34,0
34,35,0
34,36,0
34,37,1
34,38,1
34,39,1
34,40,1
34,41,0
34,42,0
34,43,0
34,44,0
34,45,0
34,46,0
34,47,1
34,48,0
34,49,0
35,0,0
35,1,0
35,2,1
35,3,0
35,4,1
35,5,1
35,6,1
35,7,0
35,8,0
35,9,0
35,10,0
35,11,0
35,12,1
35,13,1
35,14,0
35,15,1
35,16,1
35,17,0
35,18,1
35,19,0
35,20,0
35,21,1
35,22,1
35,23,0
35,24,0
35,25,0
35,26,1
35,27,1
35,28,0
35,29,0
35,30,0
35,31,1
35,32,0
35,33,1
35,34,0
35,35,0
35,36,0
35,37,1
35,38,0
35,39,1
35,40,0
35,41,0
35,42,0
35,43,1
35,44,0
35,45,0
35,46,1
35,47,0
35,48,0
35,49,1
36,0,0
36,1,1
36,2,1
36,3,1
36,4,0
36,5,1
36,6,1
36,7,0
36,8,1
36,9,0
36,10,1
36,11,1
36,12,0
36,13,0
36,14,1
36,15,1
36,16,0
36,17,1
36,18,0
36,19,1
36,20,0
36,21,0
36,22,1
36,23,1
36,24,1
36,25,1
36,26,0
36,27,0
36,28,1
36,29,1
36,30,1
36,31,1
36,32,0
36,33,0
36,34,0
36,35,1
36,36,1
36,37,0
36,38,1
36,39,1
36,40,0
36,41,1
36,42,1
36,43,1
36,44,0
36,45,1
36,46,1
36,47,0
36,48,1
36,49,1
37,0,1
37,1,1
37,2,1
37,3,0
37,4,0
37,5,1
37,6,1
37,7,1
37,8,1
37,9,1
37,10,1
37,11,0
37,12,1
37,13,0
37,14,1
37,15,0
37,16,0
37,17,1
37,18,0
37,19,1
37,20,0
37,21,0
37,22,1
37,23,0
37,24,1
37,25,1
37,26,1
37,27,0
37,28,1
37,29,1
37,30,1
37,31,1
37,32,1
37,33,1
37,34,0
37,35,0
37,36,1
37,37,0
37,38,1
37,39,0
37,40,0
37,41,1
37,42,1
37,43,1
37,44,1
37,45,1
37,46,0
37,47,1
37,48,1
37,49,1
38,0,0
38,1,0
38,2,0
38,3,0
38,4,1
38,5,1
38,6,0
38,7,1
38,8,0
38,9,0
38,10,0
38,11,0
38,12,1
38,13,1
38,14,0
38,15,1
38,16,1
38,17,0
38,18,1
38,19,0
38,20,1
38,21,1
38,22,0
38,23,1
38,24,0
38,25,1
38,26,1
38,27,1
38,28,0
38,29,0
38,30,0
38,31,0
38,32,0
38,33,0
38,34,1
38,35,1
38,36,0
38,37,1
38,38,1
38,39,1
38,40,1
38,41,0
38,42,0
38,43,1
38,44,0
38,45,0
38,46,0
38,47,1
38,48,1
38,49,0
39,0,1
39,1,1
39,2,0
39,3,1
39,4,1
39,5,1
39,6,1
39,7,1
39,8,0
39,9,1
39,10,0
39,11,0
39,12,0
39,13,1
39,14,1
39,15,0
39,16,0
39,17,1
39,18,0
39,19,1
39,20,0
39,21,1
39,22,1
39,23,0
39,24,1
39,25,1
39,26,1
39,27,0
39,28,1
39,29,0
39,30,1
39,31,1
39,32,1
39,33,1
39,34,0
39,35,1
39,36,0
39,37,0
39,38,1
39,39,1
39,40,0
39,41,1
39,42,1
39,43,1
39,44,0
39,45,1
39,46,1
39,47,1
39,48,1
39,49,1
40,0,0
40,1,1
40,2,0
40,3,1
40,4,0
40,5,0
40,6,1
40,7,0
40,8,1
40,9,1
40,10,1
40,11,1
40,12,0
40,13,0
40,14,1
40,15,1
40,16,0
40,17,1
40,18,1
40,19,1
40,20,0
40,21,0
40,22,1
40,23,1
40,24,1
40,25,1
40,26,0
40,27,0
40,28,1
40,29,1
40,30,1
40,31,1
40,32,0
40,33,0
40,34,1
40,35,1
40,36,1
40,37,0
40,38,1
40,39,0
40,40,0
40,41,1
40,42,1
40,43,1
40,44,0
40,45,1
40,46,1
40,47,1
40,48,0
40,49,0
41,0,1
41,1,1
41,2,1
41,3,1
41,4,0
41,5,1
41,6,1
41,7,0
41,8,1
41,9,1
41,10,1
41,11,1
41,12,0
41,13,0
41,14,1
41,15,0
41,16,0
41,17,0
41,18,0
41,19,0
41,20,0
41,21,0
41,22,1
41,23,1
41,24,0
41,25,0
41,26,0
41,27,1
41,28,0
41,29,1
41,30,1
41,31,1
41,32,1
41,33,1
41,34,0
41,35,1
41,36,1
41,37,0
41,38,0
41,39,0
41,40,0
41,41,0
41,42,1
41,43,1
41,44,1
41,45,1
41,46,0
41,47,1
41,48,1
41,49,0
42,0,0
42,1,1
42,2,1
42,3,1
42,4,1
42,5,1
42,6,1
42,7,1
42,8,1
42,9,1
42,10,1
42,11,1
42,12,0
42,13,1
42,14,1
42,15,1
42,16,1
42,17,1
42,18,0
42,19,1
42,20,0
42,21,0
42,22,1
42,23,1
42,24,1
42,25,0
42,26,0
42,27,1
42,28,1
42,29,1
42,30,1
42,31,1
42,32,1
42,33,0
42,34,0
42,35,1
42,36,1
42,37,0
42,38,0
42,39,0
42,40,0
42,41,1
42,42,1
42,43,1
42,44,1
42,45,0
42,46,1
42,47,1
42,48,1
42,49,1
43,0,1
43,1,0
43,2,0
43,3,0
43,4,1
43,5,0
43,6,0
43,7,1
43,8,0
43,9,1
43,10,0
43,11,0
43,12,1
43,13,1
43,14,1
43,15,0
43,16,1
43,17,0
43,18,1
43,19,0
43,20,1
43,21,1
43,22,0
43,23,0
43,24,1
43,25,1
43,26,1
43,27,0
43,28,1
43,29,0
43,30,0
43,31,0
43,32,0
43,33,0
43,34,1
43,35,0
43,36,1
43,37,1
43,38,0
43,39,1
43,40,0
43,41,0
43,42,0
43,43,0
43,44,0
43,45,0
43,46,0
43,47,0
43,48,0
43,49,0
44,0,1
44,1,1
44,2,1
44,3,1
44,4,1
44,5,0
44,6,0
44,7,0
44,8,1
44,9,0
44,10,0
44,11,1
44,12,0
44,13,0
44,14,1
44,15,0
44,16,0
44,17,1
44,18,0
44,19,0
44,20,0
44,21,0
44,22,1
44,23,1
44,24,1
44,25,1
44,26,0
44,27,0
44,28,1
44,29,1
44,30,1
44,31,1
44,32,0
44,33,1
44,34,0
44,35,1
44,36,1
44,37,0
44,38,1
44,39,0
44,40,0
44,41,1
44,42,0
44,43,1
44,44,1
44,45,1
44,46,1
44,47,0
44,48,1
44,49,1
45,0,1
45,1,0
45,2,0
45,3,0
45,4,1
45,5,1
45,6,0
45,7,0
45,8,1
45,9,0
45,10,0
45,11,0
45,12,1
45,13,0
45,14,0
45,15,1
45,16,1
45,17,0
45,18,1
45,19,0
45,20,1
45,21,0
45,22,0
45,23,0
45,24,0
45,25,0
45,26,1
45,27,1
45,28,0
45,29,0
45,30,0
45,31,0
45,32,1
45,33,0
45,34,1
45,35,0
45,36,0
45,37,1
45,38,0
45,39,1
45,40,1
45,41,1
45,42,1
45,43,0
45,44,0
45,45,0
45,46,0
45,47,0
45,48,0
45,49,1
46,0,1
46,1,1
46,2,1
46,3,1
46,4,0
46,5,0
46,6,1
46,7,0
46,8,1
46,9,1
46,10,1
46,11,1
46,12,0
46,13,0
46,14,1
46,15,0
46,16,0
46,17,0
46,18,0
46,19,1
46,20,0
46,21,1
46,22,1
46,23,1
46,24,1
46,25,1
46,26,0
46,27,1
46,28,0
46,29,1
46,30,1
46,31,1
46,32,1
46,33,1
46,34,0
46,35,1
46,36,1
46,37,0
46,38,1
46,39,0
46,40,1
46,41,1
46,42,1
46,43,1
46,44,0
46,45,1
46,46,1
46,47,1
46,48,1
46,49,1
47,0,0
47,1,0
47,2,1
47,3,1
47,4,1
47,5,0
47,6,0
47,7,1
47,8,0
47,9,0
47,10,0
47,11,0
47,12,1
47,13,1
47,14,0
47,15,1
47,16,1
47,17,0
47,18,1
47,19,1
47,20,1
47,21,1
47,22,0
47,23,0
47,24,0
47,25,0
47,26,1
47,27,1
47,28,0
47,29,1
47,30,1
47,31,1
47,32,0
47,33,0
47,34,1
47,35,0
47,36,0
47,37,1
47,38,0
47,39,1
47,40,1
47,41,1
47,42,0
47,43,0
47,44,0
47,45,1
47,46,0
47,47,0
47,48,0
47,49,0
48,0,0
48,1,0
48,2,0
48,3,0
48,4,0
48,5,0
48,6,1
48,7,1
48,8,0
48,9,0
48,10,0
48,11,0
48,12,1
48,13,0
48,14,0
48,15,0
48,16,0
48,17,1
48,18,1
48,19,1
48,20,1
48,21,1
48,22,0
48,23,0
48,24,1
48,25,1
48,26,1
48,27,1
48,28,0
48,29,0
48,30,0
48,31,0
48,32,1
48,33,1
48,34,1
48,35,0
48,36,0
48,37,1
48,38,0
48,39,1
48,40,1
48,41,0
48,42,0
48,43,0
48,44,0
48,45,0
48,46,0
48,47,1
48,48,0
48,49,0
49,0,1
49,1,1
49,2,1
49,3,0
49,4,0
49,5,1
49,6,1
49,7,0
49,8,1
49,9,1
49,10,1
49,11,1
49,12,0
49,13,0
49,14,1
49,15,0
49,16,0
49,17,0
49,18,0
49,19,1
49,20,0
49,21,0
49,22,1
49,23,1
49,24,1
49,25,1
49,26,0
49,27,0
49,28,0
49,29,1
49,30,1
49,31,1
49,32,1
49,33,0
49,34,0
49,35,1
49,36,1
49,37,0
49,38,1
49,39,1
49,40,0
49,41,1
49,42,1
49,43,1
49,44,1
49,45,1
49,46,1
49,47,1
49,48,1
49,49,1
50,0,1
50,1,1
50,2,1
50,3,0
50,4,1
50,5,0
50,6,0
50,7,1
50,8,0
50,9,0
50,10,1
50,11,0
50,12,0
50,13,1
50,14,0
50,15,1
50,16,1
50,17,0
50,18,1
50,19,0
50,20,1
50,21,1
50,22,0
50,23,0
50,24,0
50,25,0
50,26,0
50,27,0
50,28,0
50,29,1
50,30,0
50,31,0
50,32,0
50,33,0
50,34,1
50,35,0
50,36,0
50,37,1
50,38,0
50,39,0
50,40,1
50,41,0
50,42,0
50,43,0
50,44,0
50,45,0
50,46,0
50,47,0
50,48,0
50,49,1
51,0,0
51,1,0
51,2,0
51,3,0
51,4,1
51,5,1
51,6,0
51,7,0
51,8,0
51,9,0
51,10,1
51,11,0
51,12,1
51,13,1
51,14,0
51,15,0
51,16,1
51,17,0
51,18,1
51,19,0
51,20,1
51,21,0
51,22,1
51,23,0
51,24,0
51,25,0
51,26,1
51,27,1
51,28,0
51,29,0
51,30,0
51,31,1
51,32,1
51,33,0
51,34,1
51,35,0
51,36,0
51,37,1
51,38,0
51,39,1
51,40,1
51,41,0
51,42,0
51,43,0
51,44,0
51,45,0
51,46,1
51,47,0
51,48,1
51,49,0
52,0,0
52,1,0
52,2,0
52,3,0
52,4,1
52,5,0
52,6,0
52,7,1
52,8,0
52,9,0
52,10,0
52,11,0
52,12,1
52,13,1
52,14,0
52,15,1
52,16,1
52,17,0
52,18,1
52,19,0
52,20,1
52,21,1
52,22,1
52,23,0
52,24,0
52,25,1
52,26,1
52,27,0
52,28,0
52,29,0
52,30,0
52,31,1
52,32,0
52,33,1
52,34,0
52,35,0
52,36,1
52,37,0
52,38,1
52,39,1
52,40,1
52,41,1
52,42,0
52,43,0
52,44,0
52,45,1
52,46,0
52,47,1
52,48,1
52,49,0
53,0,1
53,1,1
53,2,0
53,3,1
53,4,1
53,5,1
53,6,0
53,7,0
53,8,0
53,9,1
53,10,0
53,11,1
53,12,1
53,13,1
53,14,0
53,15,1
53,16,1
53,17,0
53,18,0
53,19,0
53,20,1
53,21,1
53,22,0
53,23,0
53,24,0
53,25,0
53,26,0
53,27,1
53,28,0
53,29,0
53,30,0
53,31,0
53,32,0
53,33,0
53,34,1
53,35,0
53,36,0
53,37,0
53,38,0
53,39,0
53,40,1
53,41,0
53,42,1
53,43,0
53,44,0
53,45,0
53,46,0
53,47,0
53,48,1
53,49,1
54,0,0
54,1,0
54,2,0
54,3,1
54,4,1
54,5,0
54,6,0
54,7,1
54,8,0
54,9,0
54,10,1
54,11,0
54,12,1
54,13,1
54,14,0
54,15,0
54,16,1
54,17,0
54,18,1
54,19,1
54,20,1
54,21,1
54,22,0
54,23,0
54,24,0
54,25,0
54,26,1
54,27,1
54,28,0
54,29,1
54,30,1
54,31,0
54,32,0
54,33,0
54,34,1
54,35,0
54,36,0
54,37,1
54,38,1
54,39,1
54,40,1
54,41,0
54,42,0
54,43,0
54,44,0
54,45,0
54,46,0
54,47,0
54,48,0
54,49,0
55,0,0
55,1,1
55,2,0
55,3,0
55,4,1
55,5,0
55,6,1
55,7,0
55,8,0
55,9,0
55,10,0
55,11,0
55,12,1
55,13,1
55,14,1
55,15,1
55,16,1
55,17,1
55,18,1
55,19,0
55,20,1
55,21,1
55,22,1
55,23,0
55,24,0
55,25,1
55,26,1
55,27,1
55,28,0
55,29,0
55,30,0
55,31,0
55,32,0
55,33,0
55,34,1
55,35,0
55,36,0
55,37,1
55,38,1
55,39,1
55,40,1
55,41,0
55,42,0
55,43,1
55,44,0
55,45,0
55,46,0
55,47,0
55,48,0
55,49,1
56,0,0
56,1,1
56,2,1
56,3,1
56,4,0
56,5,1
56,6,1
56,7,0
56,8,1
56,9,1
56,10,0
56,11,1
56,12,1
56,13,0
56,14,1
56,15,1
56,16,1
56,17,1
56,18,0
56,19,0
56,20,0
56,21,0
56,22,1
56,23,0
56,24,1
56,25,1
56,26,0
56,27,0
56,28,1
56,29,1
56,30,1
56,31,1
56,32,1
56,33,1
56,34,0
56,35,1
56,36,0
56,37,0
56,38,1
56,39,0
56,40,0
56,41,1
56,42,1
56,43,1
56,44,1
56,45,1
56,46,1
56,47,1
56,48,0
56,49,1
57,0,1
57,1,1
57,2,1
57,3,0
57,4,0
57,5,1
57,6,1
57,7,0
57,8,1
57,9,1
57,10,0
57,11,1
57,12,0
57,13,0
57,14,1
57,15,0
57,16,0
57,17,1
57,18,0
57,19,1
57,20,0
57,21,0
57,22,1
57,23,1
57,24,1
57,25,1
57,26,0
57,27,1
57,28,1
57,29,1
57,30,1
57,31,1
57,32,1
57,33,1
57,34,0
57,35,1
57,36,1
57,37,0
57,38,1
57,39,0
57,40,0
57,41,1
57,42,1
57,43,1
57,44,1
57,45,1
57,46,1
57,47,1
57,48,0
57,49,1
58,0,1
58,1,1
58,2,0
58,3,1
58,4,0
58,5,1
58,6,1
58,7,0
58,8,1
58,9,1
58,10,1
58,11,1
58,12,0
58,13,1
58,14,0
58,15,1
58,16,0
58,17,1
58,18,0
58,19,1
58,20,0
58,21,0
58,22,0
58,23,1
58,24,1
58,25,1
58,26,0
58,27,0
58,28,1
58,29,1
58,30,1
58,31,1
58,32,1
58,33,1
58,34,0
58,35,1
58,36,0
58,37,0
58,38,1
58,39,0
58,40,0
58,41,1
58,42,1
58,43,0
58,44,1
58,45,0
58,46,1
58,47,1
58,48,1
58,49,1
59,0,0
59,1,0
59,2,1
59,3,1
59,4,0
59,5,1
59,6,1
59,7,0
59,8,1
59,9,1
59,10,1
59,11,1
59,12,0
59,13,0
59,14,1
59,15,1
59,16,0
59,17,1
59,18,0
59,19,1
59,20,0
59,21,0
59,22,1
59,23,1
59,24,1
59,25,1
59,26,1
59,27,0
59,28,1
59,29,1
59,30,1
59,31,1
59,32,1
59,33,1
59,34,0
59,35,1
59,36,1
59,37,0
59,38,1
59,39,0
59,40,1
59,41,1
59,42,1
59,43,1
59,44,0
59,45,1
59,46,1
59,47,0
59,48,1
59,49,1
60,0,1
60,1,0
60,2,1
60,3,0
60,4,0
60,5,1
60,6,1
60,7,0
60,8,1
60,9,0
60,10,0
60,11,1
60,12,0
60,13,0
60,14,1
60,15,0
60,16,1
60,17,0
60,18,0
60,19,1
60,20,0
60,21,0
60,22,1
60,23,1
60,24,0
60,25,1
60,26,1
60,27,0
60,28,1
60,29,1
60,30,1
60,31,1
60,32,1
60,33,0
60,34,0
60,35,1
60,36,1
60,37,0
60,38,1
60,39,0
60,40,0
60,41,1
60,42,1
60,43,1
60,44,1
60,45,1
60,46,1
60,47,1
60,48,1
60,49,1
61,0,1
61,1,1
61,2,0
61,3,1
61,4,0
61,5,1
61,6,1
61,7,1
61,8,1
61,9,1
61,10,1
61,11,1
61,12,1
61,13,0
61,14,1
61,15,0
61,16,0
61,17,1
61,18,0
61,19,1
61,20,0
61,21,0
61,22,1
61,23,0
61,24,1
61,25,1
61,26,0
61,27,1
61,28,1
61,29,1
61,30,1
61,31,1
61,32,0
61,33,1
61,34,1
61,35,1
61,36,0
61,37,0
61,38,1
61,39,1
61,40,0
61,41,1
61,42,1
61,43,1
61,44,1
61,45,0
61,46,1
61,47,1
61,48,1
61,49,1
62,0,0
62,1,0
62,2,1
62,3,0
62,4,1
62,5,0
62,6,1
62,7,0
62,8,0
62,9,0
62,10,0
62,11,1
62,12,1
62,13,1
62,14,0
62,15,1
62,16,1
62,17,0
62,18,1
62,19,0
62,20,1
62,21,1
62,22,1
62,23,0
62,24,0
62,25,0
62,26,1
62,27,1
62,28,0
62,29,1
62,30,0
62,31,0
62,32,0
62,33,1
62,34,1
62,35,0
62,36,0
62,37,1
62,38,1
62,39,1
62,40,0
62,41,0
62,42,1
62,43,1
62,44,0
62,45,0
62,46,0
62,47,0
62,48,1
62,49,0
63,0,0
63,1,1
63,2,1
63,3,1
63,4,1
63,5,1
63,6,1
63,7,0
63,8,1
63,9,1
63,10,1
63,11,1
63,12,1
63,13,0
63,14,1
63,15,0
63,16,0
63,17,0
63,18,0
63,19,1
63,20,1
63,21,0
63,22,1
63,23,1
63,24,1
63,25,1
63,26,1
63,27,0
63,28,0
63,29,1
63,30,1
63,31,1
63,32,0
63,33,1
63,34,0
63,35,1
63,36,1
63,37,0
63,38,1
63,39,0
63,40,0
63,41,1
63,42,1
63,43,1
63,44,0
63,45,1
63,46,0
63,47,1
63,48,1
63,49,1
64,0,0
64,1,1
64,2,1
64,3,1
64,4,0
64,5,1
64,6,1
64,7,0
64,8,1
64,9,1
64,10,1
64,11,1
64,12,1
64,13,0
64,14,1
64,15,0
64,16,0
64,17,0
64,18,0
64,19,1
64,20,0
64,21,0
64,22,1
64,23,1
64,24,1
64,25,1
64,26,1
64,27,0
64,28,1
64,29,1
64,30,1
64,31,1
64,32,0
64,33,0
64,34,0
64,35,1
64,36,0
64,37,0
64,38,1
64,39,1
64,40,0
64,41,1
64,42,0
64,43,1
64,44,1
64,45,1
64,46,1
64,47,1
64,48,0
64,49,0
65,0,0
65,1,0
65,2,0
65,3,0
65,4,1
65,5,1
65,6,1
65,7,1
65,8,0
65,9,0
65,10,0
65,11,0
65,12,1
65,13,1
65,14,1
65,15,1
65,16,0
65,17,0
65,18,0
65,19,0
65,20,1
65,21,1
65,22,1
65,23,1
65,24,1
65,25,0
65,26,1
65,27,0
65,28,1
65,29,1
65,30,1
65,31,0
65,32,1
65,33,0
65,34,0
65,35,0
65,36,0
65,37,1
65,38,0
65,39,1
65,40,1
65,41,1
65,42,0
65,43,0
65,44,1
65,45,0
65,46,0
65,47,0
65,48,1
65,49,0
66,0,1
66,1,1
66,2,1
66,3,1
66,4,0
66,5,1
66,6,1
66,7,0
66,8,0
66,9,1
66,10,0
66,11,0
66,12,0
66,13,0
66,14,0
66,15,1
66,16,0
66,17,1
66,18,1
66,19,1
66,20,0
66,21,1
66,22,1
66,23,1
66,24,1
66,25,1
66,26,1
66,27,0
66,28,1
66,29,0
66,30,1
66,31,1
66,32,0
66,33,1
66,34,0
66,35,1
66,36,1
66,37,0
66,38,1
66,39,0
66,40,0
66,41,1
66,42,1
66,43,1
66,44,1
66,45,0
66,46,0
66,47,1
66,48,1
66,49,1
67,0,0
67,1,1
67,2,1
67,3,0
67,4,1
67,5,0
67,6,1
67,7,1
67,8,0
67,9,0
67,10,0
67,11,0
67,12,1
67,13,1
67,14,1
67,15,1
67,16,0
67,17,0
67,18,1
67,19,0
67,20,1
67,21,1
67,22,0
67,23,0
67,24,0
67,25,1
67,26,1
67,27,1
67,28,0
67,29,0
67,30,0
67,31,1
67,32,0
67,33,0
67,34,1
67,35,0
67,36,0
67,37,0
67,38,0
67,39,0
67,40,1
67,41,0
67,42,0
67,43,0
67,44,0
67,45,0
67,46,0
67,47,0
67,48,0
67,49,1
68,0,1
68,1,1
68,2,1
68,3,1
68,4,0
68,5,1
68,6,1
68,7,0
68,8,0
68,9,0
68,10,1
68,11,1
68,12,0
68,13,0
68,14,1
68,15,0
68,16,0
68,17,0
68,18,0
68,19,1
68,20,0
68,21,0
68,22,1
68,23,1
68,24,1
68,25,1
68,26,0
68,27,1
68,28,1
68,29,1
68,30,1
68,31,1
68,32,0
68,33,1
68,34,0
68,35,1
68,36,0
68,37,0
68,38,1
68,39,0
68,40,0
68,41,1
68,42,1
68,43,0
68,44,1
68,45,1
68,46,1
68,47,1
68,48,1
68,49,1
69,0,0
69,1,0
69,2,0
69,3,0
69,4,1
69,5,0
69,6,0
69,7,1
69,8,0
69,9,0
69,10,0
69,11,0
69,12,0
69,13,1
69,14,0
69,15,0
69,16,0
69,17,1
69,18,1
69,19,0
69,20,0
69,21,1
69,22,0
69,23,0
69,24,1
69,25,0
69,26,1
69,27,1
69,28,1
69,29,0
69,30,0
69,31,0
69,32,1
69,33,0
69,34,1
69,35,0
69,36,0
69,37,1
69,38,0
69,39,1
69,40,0
69,41,0
69,42,0
69,43,0
69,44,0
69,45,0
69,46,0
69,47,1
69,48,0
69,49,1
70,0,1
70,1,0
70,2,1
70,3,0
70,4,1
70,5,0
70,6,0
70,7,1
70,8,1
70,9,0
70,10,0
70,11,0
70,12,1
70,13,1
70,14,0
70,15,1
70,16,1
70,17,0
70,18,1
70,19,0
70,20,0
70,21,1
70,22,0
70,23,0
70,24,1
70,25,0
70,26,1
70,27,1
70,28,0
70,29,1
70,30,1
70,31,0
70,32,1
70,33,0
70,34,1
70,35,0
70,36,1
70,37,1
70,38,0
70,39,1
70,40,1
70,41,0
70,42,1
70,43,1
70,44,0
70,45,0
70,46,0
70,47,0
70,48,0
70,49,0
71,0,0
71,1,1
71,2,1
71,3,1
71,4,1
71,5,1
71,6,1
71,7,0
71,8,1
71,9,1
71,10,0
71,11,1
71,12,0
71,13,0
71,14,1
71,15,0
71,16,0
71,17,0
71,18,0
71,19,1
71,20,0
71,21,0
71,22,1
71,23,1
71,24,0
71,25,1
71,26,0
71,27,0
71,28,1
71,29,1
71,30,1
71,31,1
71,32,1
71,33,1
71,34,0
71,35,0
71,36,1
71,37,1
71,38,1
71,39,0
71,40,0
71,41,1
71,42,1
71,43,1
71,44,1
71,45,1
71,46,1
71,47,1
71,48,1
71,49,1
72,0,1
72,1,1
72,2,1
72,3,1
72,4,0
72,5,0
72,6,1
72,7,0
72,8,1
72,9,1
72,10,1
72,11,1
72,12,0
72,13,0
72,14,1
72,15,0
72,16,0
72,17,1
72,18,0
72,19,1
72,20,0
72,21,1
72,22,1
72,23,1
72,24,0
72,25,1
72,26,0
72,27,0
72,28,1
72,29,1
72,30,1
72,31,0
72,32,1
72,33,1
72,34,0
72,35,1
72,36,1
72,37,0
72,38,1
72,39,0
72,40,0
72,41,1
72,42,1
72,43,1
72,44,1
72,45,1
72,46,1
72,47,1
72,48,1
72,49,1
73,0,0
73,1,1
73,2,0
73,3,0
73,4,1
73,5,0
73,6,0
73,7,0
73,8,0
73,9,0
73,10,1
73,11,0
73,12,0
73,13,1
73,14,0
73,15,1
73,16,1
73,17,0
73,18,1
73,19,0
73,20,1
73,21,0
73,22,1
73,23,1
73,24,0
73,25,0
73,26,1
73,27,1
73,28,0
73,29,0
73,30,0
73,31,0
73,32,0
73,33,0
73,34,0
73,35,1
73,36,0
73,37,1
73,38,0
73,39,1
73,40,1
73,41,0
73,42,0
73,43,0
73,44,1
73,45,0
73,46,0
73,47,0
73,48,0
73,49,0
74,0,0
74,1,0
74,2,1
74,3,0
74,4,1
74,5,0
74,6,0
74,7,1
74,8,0
74,9,0
74,10,0
74,11,0
74,12,0
74,13,1
74,14,1
74,15,1
74,16,1
74,17,0
74,18,1
74,19,0
74,20,0
74,21,1
74,22,0
74,23,1
74,24,0
74,25,1
74,26,1
74,27,1
74,28,0
74,29,0
74,30,0
74,31,0
74,32,1
74,33,0
74,34,1
74,35,0
74,36,0
74,37,1
74,38,0
74,39,1
74,40,1
74,41,0
74,42,0
74,43,0
74,44,1
74,45,1
74,46,0
74,47,0
74,48,1
74,49,0
75,0,0
75,1,0
75,2,0
75,3,0
75,4,1
75,5,0
75,6,0
75,7,1
75,8,0
75,9,0
75,10,0
75,11,0
75,12,0
75,13,1
75,14,1
75,15,1
75,16,1
75,17,0
75,18,1
75,19,0
75,20,1
75,21,1
75,22,0
75,23,0
75,24,1
75,25,0
75,26,1
75,27,1
75,28,1
75,29,0
75,30,0
75,31,0
75,32,1
75,33,0
75,34,1
75,35,0
75,36,1
75,37,0
75,38,0
75,39,1
75,40,1
75,41,0
75,42,0
75,43,0
75,44,0
75,45,0
75,46,0
75,47,0
75,48,0
75,49,0
76,0,0
76,1,0
76,2,1
76,3,0
76,4,1
76,5,1
76,6,0
76,7,0
76,8,0
76,9,0
76,10,0
76,11,0
76,12,1
76,13,1
76,14,0
76,15,1
76,16,1
76,17,0
76,18,1
76,19,1
76,20,1
76,21,1
76,22,0
76,23,1
76,24,0
76,25,0
76,26,1
76,27,1
76,28,0
76,29,0
76,30,0
76,31,0
76,32,0
76,33,0
76,34,1
76,35,0
76,36,0
76,37,0
76,38,0
76,39,1
76,40,1
76,41,0
76,42,0
76,43,0
76,44,0
76,45,0
76,46,0
76,47,0
76,48,1
76,49,0
77,0,0
77,1,1
77,2,1
77,3,1
77,4,0
77,5,1
77,6,1
77,7,0
77,8,1
77,9,1
77,10,1
77,11,1
77,12,1
77,13,1
77,14,1
77,15,1
77,16,1
77,17,1
77,18,1
77,19,1
77,20,0
77,21,0
77,22,1
77,23,1
77,24,1
77,25,1
77,26,0
77,27,0
77,28,0
77,29,1
77,30,1
77,31,0
77,32,1
77,33,1
77,34,0
77,35,1
77,36,1
77,37,0
77,38,1
77,39,1
77,40,1
77,41,1
77,42,0
77,43,1
77,44,1
77,45,1
77,46,1
77,47,1
77,48,0
77,49,1
78,0,1
78,1,1
78,2,1
78,3,1
78,4,0
78,5,0
78,6,1
78,7,0
78,8,1
78,9,1
78,10,0
78,11,0
78,12,0
78,13,0
78,14,1
78,15,0
78,16,0
78,17,1
78,18,1
78,19,1
78,20,0
78,21,0
78,22,1
78,23,1
78,24,1
78,25,1
78,26,0
78,27,0
78,28,1
78,29,1
78,30,1
78,31,1
78,32,1
78,33,1
78,34,0
78,35,1
78,36,1
78,37,0
78,38,1
78,39,0
78,40,0
78,41,1
78,42,1
78,43,1
78,44,1
78,45,0
78,46,1
78,47,1
78,48,0
78,49,1
79,0,1
79,1,0
79,2,1
79,3,0
79,4,0
79,5,1
79,6,1
79,7,0
79,8,1
79,9,1
79,10,0
79,11,1
79,12,0
79,13,0
79,14,1
79,15,0
79,16,0
79,17,0
79,18,0
79,19,1
79,20,0
79,21,0
79,22,1
79,23,1
79,24,1
79,25,0
79,26,0
79,27,0
79,28,1
79,29,0
79,30,1
79,31,0
79,32,1
79,33,1
79,34,0
79,35,1
79,36,1
79,37,0
79,38,1
79,39,0
79,40,0
79,41,1
79,42,0
79,43,1
79,44,1
79,45,1
79,46,1
79,47,1
79,48,1
79,49,1
80,0,0
80,1,0
80,2,1
80,3,0
80,4,1
80,5,0
80,6,0
80,7,1
80,8,0
80,9,0
80,10,0
80,11,0
80,12,1
80,13,1
80,14,0
80,15,0
80,16,0
80,17,0
80,18,1
80,19,0
80,20,1
80,21,1
80,22,1
80,23,1
80,24,1
80,25,1
80,26,1
80,27,1
80,28,0
80,29,1
80,30,0
80,31,0
80,32,1
80,33,0
80,34,0
80,35,0
80,36,0
80,37,1
80,38,0
80,39,1
80,40,0
80,41,1
80,42,0
80,43,0
80,44,0
80,45,0
80,46,0
80,47,0
80,48,0
80,49,0
81,0,0
81,1,0
81,2,0
81,3,0
81,4,0
81,5,1
81,6,0
81,7,1
81,8,0
81,9,0
81,10,0
81,11,0
81,12,1
81,13,1
81,14,1
81,15,1
81,16,1
81,17,0
81,18,1
81,19,0
81,20,1
81,21,1
81,22,0
81,23,1
81,24,0
81,25,0
81,26,1
81,27,0
81,28,0
81,29,0
81,30,0
81,31,1
81,32,0
81,33,0
81,34,0
81,35,0
81,36,1
81,37,1
81,38,0
81,39,1
81,40,1
81,41,0
81,42,0
81,43,0
81,44,0
81,45,0
81,46,0
81,47,0
81,48,1
81,49,1
82,0,1
82,1,0
82,2,1
82,3,1
82,4,0
82,5,1
82,6,1
82,7,1
82,8,0
82,9,1
82,10,1
82,11,1
82,12,0
82,13,0
82,14,1
82,15,1
82,16,0
82,17,1
82,18,1
82,19,1
82,20,0
82,21,0
82,22,0
82,23,1
82,24,1
82,25,1
82,26,0
82,27,0
82,28,1
82,29,1
82,30,1
82,31,0
82,32,0
82,33,1
82,34,0
82,35,1
82,36,1
82,37,0
82,38,1
82,39,1
82,40,0
82,41,1
82,42,1
82,43,1
82,44,0
82,45,0
82,46,0
82,47,0
82,48,0
82,49,1
83,0,1
83,1,1
83,2,1
83,3,1
83,4,0
83,5,1
83,6,1
83,7,0
83,8,1
83,9,1
83,10,1
83,11,1
83,12,0
83,13,0
83,14,1
83,15,0
83,16,0
83,17,1
83,18,0
83,19,1
83,20,1
83,21,0
83,22,1
83,23,1
83,24,1
83,25,1
83,26,0
83,27,1
83,28,1
83,29,1
83,30,1
83,31,0
83,32,1
83,33,1
83,34,0
83,35,1
83,36,1
83,37,0
83,38,1
83,39,0
83,40,0
83,41,1
83,42,1
83,43,1
83,44,1
83,45,0
83,46,1
83,47,0
83,48,1
83,49,0
84,0,1
84,1,1
84,2,0
84,3,1
84,4,1
84,5,1
84,6,0
84,7,1
84,8,0
84,9,0
84,10,1
84,11,1
84,12,0
84,13,1
84,14,1
84,15,0
84,16,0
84,17,0
84,18,0
84,19,1
84,20,0
84,21,0
84,22,1
84,23,0
84,24,1
84,25,1
84,26,0
84,27,0
84,28,0
84,29,1
84,30,1
84,31,1
84,32,1
84,33,1
84,34,0
84,35,0
84,36,1
84,37,0
84,38,1
84,39,0
84,40,0
84,41,0
84,42,1
84,43,0
84,44,1
84,45,1
84,46,1
84,47,1
84,48,1
84,49,1
85,0,0
85,1,1
85,2,1
85,3,1
85,4,1
85,5,1
85,6,1
85,7,0
85,8,1
85,9,1
85,10,1
85,11,0
85,12,0
85,13,1
85,14,1
85,15,1
85,16,0
85,17,1
85,18,0
85,19,1
85,20,0
85,21,0
85,22,1
85,23,1
85,24,0
85,25,0
85,26,0
85,27,0
85,28,1
85,29,1
85,30,1
85,31,1
85,32,1
85,33,1
85,34,0
85,35,1
85,36,1
85,37,1
85,38,1
85,39,0
85,40,1
85,41,1
85,42,1
85,43,1
85,44,1
85,45,1
85,46,0
85,47,1
85,48,1
85,49,1
86,0,0
86,1,0
86,2,1
86,3,1
86,4,1
86,5,0
86,6,0
86,7,0
86,8,0
86,9,0
86,10,0
86,11,1
86,12,1
86,13,1
86,14,0
86,15,0
86,16,0
86,17,0
86,18,1
86,19,0
86,20,1
86,21,1
86,22,0
86,23,0
86,24,0
86,25,0
86,26,0
86,27,0
86,28,0
86,29,1
86,30,0
86,31,0
86,32,0
86,33,0
86,34,0
86,35,0
86,36,1
86,37,1
86,38,1
86,39,1
86,40,1
86,41,1
86,42,0
86,43,1
86,44,0
86,45,0
86,46,0
86,47,0
86,48,0
86,49,0
87,0,0
87,1,0
87,2,0
87,3,0
87,4,1
87,5,0
87,6,1
87,7,1
87,8,0
87,9,1
87,10,0
87,11,0
87,12,1
87,13,1
87,14,0
87,15,1
87,16,1
87,17,0
87,18,1
87,19,0
87,20,1
87,21,1
87,22,0
87,23,0
87,24,1
87,25,0
87,26,1
87,27,1
87,28,0
87,29,0
87,30,1
87,31,0
87,32,0
87,33,0
87,34,1
87,35,0
87,36,0
87,37,1
87,38,0
87,39,1
87,40,1
87,41,0
87,42,0
87,43,0
87,44,0
87,45,1
87,46,0
87,47,1
87,48,0
87,49,0
88,0,1
88,1,0
88,2,0
88,3,0
88,4,1
88,5,0
88,6,1
88,7,1
88,8,0
88,9,0
88,10,0
88,11,1
88,12,1
88,13,1
88,14,0
88,15,1
88,16,1
88,17,0
88,18,1
88,19,0
88,20,1
88,21,1
88,22,1
88,23,1
88,24,0
88,25,0
88,26,1
88,27,0
88,28,1
88,29,1
88,30,1
88,31,0
88,32,1
88,33,1
88,34,0
88,35,0
88,36,0
88,37,1
88,38,0
88,39,1
88,40,1
88,41,0
88,42,0
88,43,0
88,44,0
88,45,0
88,46,0
88,47,0
88,48,0
88,49,0
89,0,1
89,1,1
89,2,1
89,3,1
89,4,0
89,5,1
89,6,1
89,7,0
89,8,1
89,9,1
89,10,1
89,11,1
89,12,0
89,13,0
89,14,0
89,15,0
89,16,0
89,17,1
89,18,0
89,19,1
89,20,0
89,21,1
89,22,1
89,23,1
89,24,1
89,25,1
89,26,0
89,27,0
89,28,1
89,29,1
89,30,1
89,31,1
89,32,1
89,33,1
89,34,0
89,35,1
89,36,0
89,37,1
89,38,1
89,39,1
89,40,0
89,41,1
89,42,1
89,43,1
89,44,1
89,45,1
89,46,1
89,47,1
89,48,1
89,49,1
90,0,1
90,1,1
90,2,1
90,3,1
90,4,0
90,5,1
90,6,0
90,7,1
90,8,1
90,9,1
90,10,1
90,11,1
90,12,0
90,13,1
90,14,1
90,15,0
90,16,0
90,17,1
90,18,0
90,19,1
90,20,0
90,21,0
90,22,1
90,23,1
90,24,1
90,25,1
90,26,0
90,27,1
90,28,1
90,29,1
90,30,1
90,31,1
90,32,1
90,33,0
90,34,0
90,35,1
90,36,1
90,37,0
90,38,1
90,39,0
90,40,0
90,41,1
90,42,1
90,43,0
90,44,1
90,45,1
90,46,1
90,47,1
90,48,1
90,49,1
91,0,0
91,1,0
91,2,0
91,3,0
91,4,1
91,5,0
91,6,1
91,7,1
91,8,0
91,9,0
91,10,0
91,11,0
91,12,1
91,13,1
91,14,0
91,15,1
91,16,1
91,17,1
91,18,1
91,19,0
91,20,0
91,21,1
91,22,0
91,23,0
91,24,0
91,25,0
91,26,1
91,27,1
91,28,1
91,29,0
91,30,0
91,31,0
91,32,0
91,33,0
91,34,1
91,35,0
91,36,0
91,37,1
91,38,0
91,39,1
91,40,1
91,41,1
91,42,0
91,43,0
91,44,0
91,45,0
91,46,0
91,47,0
91,48,1
91,49,0
92,0,0
92,1,1
92,2,0
92,3,0
92,4,1
92,5,1
92,6,0
92,7,0
92,8,0
92,9,0
92,10,0
92,11,1
92,12,0
92,13,0
92,14,0
92,15,1
92,16,1
92,17,0
92,18,0
92,19,0
92,20,0
92,21,1
92,22,0
92,23,0
92,24,0
92,25,0
92,26,1
92,27,0
92,28,0
92,29,0
92,30,0
92,31,0
92,32,0
92,33,0
92,34,1
92,35,0
92,36,1
92,37,1
92,38,0
92,39,1
92,40,1
92,41,0
92,42,1
92,43,0
92,44,0
92,45,0
92,46,0
92,47,0
92,48,0
92,49,0
93,0,0
93,1,0
93,2,1
93,3,0
93,4,1
93,5,0
93,6,0
93,7,1
93,8,0
93,9,0
93,10,0
93,11,0
93,12,1
93,13,1
93,14,0
93,15,1
93,16,1
93,17,0
93,18,1
93,19,0
93,20,1
93,21,0
93,22,0
93,23,0
93,24,0
93,25,0
93,26,1
93,27,1
93,28,0
93,29,0
93,30,0
93,31,0
93,32,1
93,33,0
93,34,1
93,35,1
93,36,0
93,37,1
93,38,0
93,39,0
93,40,1
93,41,0
93,42,0
93,43,0
93,44,0
93,45,0
93,46,0
93,47,0
93,48,0
93,49,0
94,0,0
94,1,0
94,2,1
94,3,0
94,4,0
94,5,0
94,6,0
94,7,1
94,8,1
94,9,1
94,10,0
94,11,0
94,12,0
94,13,0
94,14,0
94,15,1
94,16,1
94,17,0
94,18,0
94,19,1
94,20,1
94,21,1
94,22,0
94,23,0
94,24,0
94,25,1
94,26,1
94,27,1
94,28,0
94,29,0
94,30,0
94,31,0
94,32,0
94,33,0
94,34,1
94,35,0
94,36,0
94,37,1
94,38,0
94,39,1
94,40,1
94,41,0
94,42,0
94,43,0
94,44,0
94,45,0
94,46,0
94,47,0
94,48,0
94,49,1
95,0,1
95,1,1
95,2,1
95,3,1
95,4,0
95,5,1
95,6,1
95,7,1
95,8,1
95,9,1
95,10,1
95,11,0
95,12,1
95,13,0
95,14,1
95,15,0
95,16,1
95,17,1
95,18,1
95,19,1
95,20,1
95,21,0
95,22,1
95,23,1
95,24,1
95,25,1
95,26,0
95,27,0
95,28,1
95,29,1
95,30,0
95,31,1
95,32,1
95,33,1
95,34,0
95,35,1
95,36,1
95,37,0
95,38,1
95,39,0
95,40,0
95,41,1
95,42,1
95,43,1
95,44,1
95,45,1
95,46,1
95,47,1
95,48,1
95,49,1
96,0,0
96,1,0
96,2,0
96,3,1
96,4,1
96,5,0
96,6,0
96,7,1
96,8,0
96,9,1
96,10,0
96,11,0
96,12,1
96,13,1
96,14,0
96,15,1
96,16,1
96,17,1
96,18,1
96,19,1
96,20,1
96,21,0
96,22,0
96,23,1
96,24,0
96,25,0
96,26,1
96,27,0
96,28,0
96,29,0
96,30,1
96,31,0
96,32,0
96,33,0
96,34,0
96,35,0
96,36,0
96,37,1
96,38,1
96,39,1
96,40,1
96,41,0
96,42,0
96,43,0
96,44,0
96,45,0
96,46,0
96,47,0
96,48,0
96,49,1
97,0,1
97,1,1
97,2,1
97,3,1
97,4,0
97,5,0
97,6,1
97,7,0
97,8,0
97,9,1
97,10,0
97,11,1
97,12,0
97,13,0
97,14,1
97,15,1
97,16,1
97,17,1
97,18,1
97,19,1
97,20,1
97,21,1
97,22,1
97,23,1
97,24,1
97,25,1
97,26,0
97,27,0
97,28,1
97,29,0
97,30,1
97,31,0
97,32,0
97,33,0
97,34,0
97,35,1
97,36,0
97,37,1
97,38,1
97,39,1
97,40,0
97,41,1
97,42,1
97,43,1
97,44,1
97,45,1
97,46,1
97,47,1
97,48,0
97,49,0
98,0,0
98,1,1
98,2,0
98,3,1
98,4,0
98,5,1
98,6,1
98,7,0
98,8,1
98,9,1
98,10,1
98,11,1
98,12,0
98,13,0
98,14,1
98,15,0
98,16,0
98,17,0
98,18,0
98,19,0
98,20,0
98,21,0
98,22,1
98,23,1
98,24,1
98,25,1
98,26,1
98,27,0
98,28,1
98,29,0
98,30,1
98,31,1
98,32,1
98,33,1
98,34,1
98,35,1
98,36,1
98,37,0
98,38,1
98,39,0
98,40,0
98,41,1
98,42,1
98,43,0
98,44,0
98,45,1
98,46,1
98,47,0
98,48,1
98,49,1
99,0,0
99,1,1
99,2,0
99,3,1
99,4,0
99,5,1
99,6,1
99,7,0
99,8,1
99,9,1
99,10,1
99,11,1
99,12,0
99,13,0
99,14,1
99,15,1
99,16,1
99,17,1
99,18,1
99,19,0
99,20,1
99,21,1
99,22,0
99,23,1
99,24,1
99,25,1
99,26,0
99,27,0
99,28,1
99,29,1
99,30,0
99,31,1
99,32,1
99,33,1
99,34,1
99,35,1
99,36,1
99,37,0
99,38,1
99,39,0
99,40,1
99,41,1
99,42,0
99,43,1
99,44,1
99,45,1
99,46,1
99,47,1
99,48,0
99,49,1
